{
  "zipcode::41.7029644:-87.5252843": "60617",
  "buildings::41.7029644:-87.5252843:500": {
    "counts": {
      "residential": 915,
      "garage": 1,
      "retail": 13,
      "school": 1
    },
    "total": 930
  },
  "zipcode::41.9105401:-87.6383606": "60610",
  "buildings::41.9105401:-87.6383606:500": {
    "counts": {},
    "total": 0
  },
  "zipcode::41.8762833:-87.6282117": "60604",
  "buildings::41.8762833:-87.6282117:500": {
    "counts": {},
    "total": 0
  }
}